CustomerID,CustomerName,CustomerCreatedDate,CustomerAge,CustomerGender
1,Jessica,12/10/2020,18,F
2,Ashley,12/4/2020,31,F
3,Amanda,12/23/2020,62,F
4,Sarah,12/6/2020,63,F
5,Jennifer,12/11/2020,30,F
6,Brittany,12/25/2020,49,F
7,Stephanie,12/6/2020,49,F
8,Samantha,12/5/2020,33,F
9,Nicole,12/21/2020,58,F
10,Elizabeth,12/1/2020,65,F
11,Lauren,12/20/2020,56,F
12,Megan,12/4/2020,52,F
13,Tiffany,12/3/2020,28,F
14,Heather,12/30/2020,45,F
15,Amber,12/28/2020,58,F
16,Melissa,12/9/2020,20,F
17,Danielle,12/22/2020,34,F
18,Emily,12/30/2020,34,F
19,Rachel,12/18/2020,35,F
20,Kayla,12/13/2020,63,F
21,Michelle,12/26/2020,46,F
22,Christina,12/3/2020,19,F
23,Laura,12/30/2020,19,F
24,Courtney,12/16/2020,30,F
25,Kimberly,12/5/2020,56,F
26,Michael,12/7/2020,50,M
27,Christopher,12/27/2020,56,M
28,Matthew,12/25/2020,29,M
29,Joshua,12/1/2020,25,M
30,Andrew,12/21/2020,23,M
31,David,12/21/2020,37,M
32,Justin,12/2/2020,51,M
33,Daniel,12/3/2020,45,M
34,James,12/22/2020,32,M
35,Robert,12/18/2020,39,M
36,John,12/31/2020,34,M
37,Joseph,12/18/2020,61,M
38,Ryan,12/10/2020,57,M
39,Nicholas,12/13/2020,50,M
40,Jonathan,12/23/2020,47,M
41,William,12/24/2020,39,M
42,Brandon,12/1/2020,45,M
43,Anthony,12/29/2020,40,M
44,Eric,12/6/2020,25,M
45,Kevin,12/15/2020,63,M
46,Kyle,12/6/2020,57,M
47,Brian,12/10/2020,53,M
48,Thomas,12/2/2020,36,M
49,Steven,12/21/2020,24,M
50,Timothy,12/6/2020,19,M
51,Adam,12/9/2020,48,M
52,Jason,12/1/2020,23,M
53,Jacob,12/20/2020,47,M
54,Zachary,12/6/2020,40,M
55,Benjamin,12/7/2020,56,M
56,Aaron,12/8/2020,26,M
57,Richard,12/31/2020,59,M
58,Tyler,12/10/2020,25,M
59,Alexander,12/9/2020,62,M
60,Jeremy,12/21/2020,57,M
61,Jeffrey,12/31/2020,33,M
62,Charles,12/12/2020,35,M
63,Sean,12/30/2020,56,M
64,Mark,12/4/2020,61,M
65,Stephen,12/9/2020,38,M
66,Travis,12/29/2020,36,M
67,Patrick,12/23/2020,59,M
68,Cody,12/25/2020,50,M
69,Nathan,12/17/2020,47,M
70,Samuel,12/16/2020,42,M
71,Paul,12/10/2020,32,M
72,Scott,12/1/2020,44,M
73,Dustin,12/2/2020,27,M
74,Jose,12/4/2020,40,M
75,Gregory,12/12/2020,63,M
76,Kenneth,12/17/2020,58,M
77,Jordan,12/29/2020,28,M
78,Derek,12/18/2020,49,M
79,Bryan,12/6/2020,26,M
80,Jesse,12/19/2020,51,M
81,Corey,12/8/2020,34,M
82,Bradley,12/20/2020,18,M
83,Alex,12/3/2020,52,M
84,Cory,12/17/2020,19,M
85,Jared,12/22/2020,27,M
86,Shawn,12/18/2020,60,M
87,Edward,12/25/2020,36,M
88,Austin,12/12/2020,31,M
89,Peter,12/5/2020,58,M
90,Chad,12/22/2020,36,M
91,Marcus,12/20/2020,62,M
92,Shane,12/8/2020,36,M
93,Juan,12/11/2020,41,M
94,Cameron,12/20/2020,43,M
95,Keith,12/11/2020,49,M
96,Phillip,12/18/2020,37,M
97,Antonio,12/9/2020,63,M
98,Brett,12/3/2020,33,M
99,Evan,12/24/2020,65,M
100,Donald,12/23/2020,47,M
101,Luis,12/31/2020,21,M
102,Ian,12/2/2020,51,M
103,George,12/3/2020,28,M
104,Ronald,12/16/2020,43,M
105,Carlos,12/31/2020,27,M
106,Nathaniel,12/22/2020,31,M
107,Vincent,12/13/2020,49,M
108,Casey,12/29/2020,20,M
109,Raymond,12/15/2020,59,M
110,Joel,12/3/2020,55,M
111,Christian,12/14/2020,37,M
112,Trevor,12/11/2020,63,M
113,Douglas,12/7/2020,53,M
114,Victor,12/16/2020,42,M
115,Seth,12/5/2020,23,M
116,Taylor,12/30/2020,51,M
117,Wesley,12/13/2020,36,M
118,Erik,12/16/2020,21,M
119,Philip,12/18/2020,28,M
120,Mitchell,12/7/2020,20,M
121,Derrick,12/6/2020,31,M
122,Craig,12/26/2020,51,M
123,Devin,12/19/2020,39,M
124,Frank,12/5/2020,36,M
125,Gary,12/13/2020,57,M
126,Rebecca,12/27/2020,64,F
127,Katherine,12/1/2020,55,F
128,Crystal,12/26/2020,41,F
129,Amy,12/18/2020,45,F
130,Sara,12/13/2020,39,F
131,Erica,12/28/2020,61,F
132,Kelly,12/30/2020,58,F
133,Chelsea,12/15/2020,40,F
134,Mary,12/18/2020,35,F
135,Andrea,12/22/2020,22,F
136,Kristen,12/29/2020,47,F
137,Erin,12/20/2020,34,F
138,Angela,12/16/2020,58,F
139,Whitney,12/4/2020,45,F
140,Katie,12/5/2020,63,F
141,Vanessa,12/18/2020,36,F
142,Victoria,12/10/2020,56,F
143,Lisa,12/26/2020,45,F
144,Caitlin,12/11/2020,20,F
145,Jamie,12/6/2020,62,F
146,Allison,12/5/2020,54,F
147,Alyssa,12/7/2020,43,F
148,Lindsey,12/22/2020,31,F
149,Alexandra,12/11/2020,42,F
150,Alicia,12/21/2020,48,F
151,Christine,12/9/2020,41,F
152,Brittney,12/10/2020,26,F
153,Jasmine,12/6/2020,20,F
154,Anna,12/6/2020,41,F
155,Kathryn,12/19/2020,26,F
156,Shannon,12/3/2020,51,F
157,Lindsay,12/10/2020,42,F
158,Kristin,12/23/2020,21,F
159,Cassandra,12/23/2020,64,F
160,Maria,12/20/2020,30,F
161,Hannah,12/1/2020,29,F
162,Jacqueline,12/12/2020,62,F
163,Natalie,12/24/2020,32,F
164,Kelsey,12/26/2020,21,F
165,April,12/6/2020,27,F
166,Jenna,12/4/2020,62,F
167,Tara,12/11/2020,28,F
168,Kristina,12/15/2020,43,F
169,Catherine,12/3/2020,28,F
170,Monica,12/9/2020,27,F
171,Julie,12/15/2020,60,F
172,Holly,12/31/2020,50,F
173,Natasha,12/27/2020,30,F
174,Krystal,12/10/2020,56,F
175,Kathleen,12/1/2020,31,F
176,Erika,12/15/2020,57,F
177,Patricia,12/12/2020,29,F
178,Morgan,12/26/2020,33,F
179,Cynthia,12/22/2020,62,F
180,Kendra,12/19/2020,25,F
181,Meghan,12/4/2020,21,F
182,Leah,12/20/2020,58,F
183,Veronica,12/3/2020,29,F
184,Katelyn,12/25/2020,37,F
185,Diana,12/6/2020,28,F
186,Molly,12/4/2020,37,F
187,Brooke,12/31/2020,58,F
188,Julia,12/10/2020,56,F
189,Bethany,12/3/2020,32,F
190,Dana,12/12/2020,32,F
191,Brandi,12/13/2020,59,F
192,Casey,12/6/2020,59,F
193,Margaret,12/9/2020,23,F
194,Leslie,12/15/2020,49,F
195,Kara,12/28/2020,58,F
196,Brianna,12/19/2020,64,F
197,Alexis,12/16/2020,33,F
198,Kaitlin,12/21/2020,30,F
199,Rachael,12/7/2020,37,F
200,Melanie,12/18/2020,63,F
201,Marissa,12/10/2020,33,F
202,Taylor,12/9/2020,64,F
203,Valerie,12/6/2020,54,F
204,Jillian,12/18/2020,38,F
205,Felicia,12/9/2020,39,F
206,Kaitlyn,12/12/2020,53,F
207,Brandy,12/31/2020,57,F
208,Bianca,12/16/2020,52,F
209,Angelica,12/16/2020,50,F
210,Katrina,12/8/2020,47,F
211,Krista,12/28/2020,34,F
212,Karen,12/5/2020,48,F
213,Alison,12/5/2020,24,F
214,Nichole,12/24/2020,29,F
215,Jaclyn,12/6/2020,40,F
216,Sabrina,12/25/2020,54,F
217,Candace,12/12/2020,57,F
218,Abigail,12/10/2020,65,F
219,Stacey,12/24/2020,25,F
220,Mallory,12/24/2020,45,F
221,Nancy,12/27/2020,60,F
222,Caroline,12/12/2020,33,F
223,Brenda,12/1/2020,64,F
224,Alexandria,12/16/2020,21,F
225,Stacy,12/25/2020,25,F
226,Alisha,12/29/2020,18,F
227,Desiree,12/5/2020,38,F
228,Sandra,12/5/2020,29,F
229,Lacey,12/16/2020,53,F
230,Candice,12/31/2020,52,F
231,Carrie,12/29/2020,27,F
232,Joanna,12/11/2020,27,F
233,Ashlee,12/7/2020,37,F
234,Olivia,12/12/2020,45,F
235,Monique,12/2/2020,61,F
236,Jordan,12/3/2020,30,F
237,Gabrielle,12/25/2020,48,F
238,Britney,12/10/2020,62,F
239,Denise,12/9/2020,42,F
240,Susan,12/27/2020,58,F
241,Meagan,12/22/2020,23,F
242,Gina,12/16/2020,63,F
243,Haley,12/4/2020,38,F
244,Miranda,12/28/2020,30,F
245,Dominique,12/15/2020,45,F
246,Renee,12/22/2020,63,F
247,Sasha,12/21/2020,39,F
248,Chelsey,12/8/2020,54,F
249,Melinda,12/14/2020,31,F
250,Kelli,12/21/2020,18,F
251,Paige,12/9/2020,29,F
252,Meredith,12/30/2020,50,F
253,Anne,12/2/2020,60,F
254,Tabitha,12/2/2020,59,F
255,Linda,12/31/2020,43,F
256,Priscilla,12/26/2020,45,F
257,Latoya,12/4/2020,43,F
258,Carolyn,12/29/2020,47,F
259,Briana,12/10/2020,18,F
260,Emma,12/2/2020,23,F
261,Robin,12/28/2020,60,F
262,Heidi,12/24/2020,49,F
263,Deanna,12/28/2020,64,F
264,Ebony,12/14/2020,20,F
265,Grace,12/13/2020,33,F
266,Angel,12/4/2020,65,F
267,Colleen,12/24/2020,61,F
268,Rebekah,12/10/2020,30,F
269,Autumn,12/22/2020,54,F
270,Ana,12/6/2020,59,F
271,Theresa,12/25/2020,20,F
272,Teresa,12/23/2020,55,F
273,Tracy,12/2/2020,65,F
274,Tina,12/10/2020,40,F
275,Cassie,12/6/2020,42,F
276,Carly,12/22/2020,56,F
277,Justine,12/27/2020,30,F
278,Bridget,12/10/2020,48,F
279,Cindy,12/26/2020,30,F
280,Audrey,12/6/2020,50,F
281,Sierra,12/5/2020,57,F
282,Jacquelyn,12/1/2020,22,F
283,Tamara,12/15/2020,48,F
284,Pamela,12/26/2020,44,F
285,Tanya,12/1/2020,42,F
286,Barbara,12/29/2020,54,F
287,Kari,12/18/2020,35,F
288,Cristina,12/28/2020,32,F
289,Claire,12/1/2020,36,F
290,Adriana,12/29/2020,40,F
291,Marie,12/1/2020,64,F
292,Mayra,12/5/2020,52,F
293,Adrienne,12/25/2020,47,F
294,Misty,12/6/2020,56,F
295,Jenny,12/19/2020,39,F
296,Kristine,12/24/2020,34,F
297,Jill,12/26/2020,42,F
298,Ashleigh,12/19/2020,24,F
299,Savannah,12/23/2020,54,F
300,Tasha,12/27/2020,60,F
301,Adrian,12/10/2020,64,M
302,Gabriel,12/2/2020,46,M
303,Blake,12/5/2020,32,M
304,Jesus,12/10/2020,58,M
305,Curtis,12/25/2020,49,M
306,Mario,12/25/2020,33,M
307,Brent,12/26/2020,36,M
308,Caleb,12/11/2020,41,M
309,Logan,12/29/2020,40,M
310,Alan,12/18/2020,45,M
311,Miguel,12/22/2020,42,M
312,Randy,12/17/2020,62,M
313,Lucas,12/20/2020,34,M
314,Spencer,12/28/2020,56,M
315,Johnathan,12/3/2020,39,M
316,Dennis,12/7/2020,44,M
317,Martin,12/13/2020,33,M
318,Garrett,12/9/2020,50,M
319,Luke,12/2/2020,21,M
320,Jeffery,12/30/2020,62,M
321,Ricardo,12/25/2020,46,M
322,Jorge,12/12/2020,65,M
323,Larry,12/7/2020,65,M
324,Troy,12/14/2020,42,M
325,Jonathon,12/13/2020,53,M
326,Carl,12/27/2020,22,M
327,Chase,12/17/2020,45,M
328,Russell,12/26/2020,35,M
329,Johnny,12/12/2020,18,M
330,Jerry,12/4/2020,54,M
331,Colin,12/7/2020,55,M
332,Francisco,12/10/2020,39,M
333,Tony,12/20/2020,21,M
334,Allen,12/22/2020,38,M
335,Todd,12/12/2020,60,M
336,Jeremiah,12/22/2020,36,M
337,Dylan,12/22/2020,50,M
338,Andre,12/7/2020,61,M
339,Manuel,12/8/2020,55,M
340,Henry,12/4/2020,32,M
341,Terry,12/28/2020,24,M
342,Mathew,12/29/2020,45,M
343,Isaac,12/23/2020,33,M
344,Kristopher,12/9/2020,49,M
345,Danny,12/24/2020,56,M
346,Lance,12/23/2020,41,M
347,Clayton,12/23/2020,31,M
348,Ricky,12/10/2020,47,M
349,Marc,12/25/2020,41,M
350,Lawrence,12/3/2020,25,M
351,Angel,12/25/2020,25,M
352,Calvin,12/5/2020,64,M
353,Albert,12/28/2020,23,M
354,Randall,12/8/2020,55,M
355,Brendan,12/14/2020,45,M
356,Micheal,12/13/2020,41,M
357,Lee,12/20/2020,30,M
358,Ross,12/16/2020,58,M
359,Drew,12/8/2020,62,M
360,Rodney,12/23/2020,41,M
361,Jimmy,12/11/2020,51,M
362,Oscar,12/11/2020,61,M
363,Bobby,12/28/2020,30,M
364,Bryant,12/28/2020,26,M
365,Jake,12/11/2020,40,M
366,Louis,12/24/2020,29,M
367,Julian,12/7/2020,39,M
368,Roberto,12/14/2020,20,M
369,Shaun,12/19/2020,33,M
370,Hector,12/31/2020,36,M
371,Jack,12/7/2020,29,M
372,Grant,12/23/2020,40,M
373,Edgar,12/17/2020,34,M
374,Walter,12/2/2020,49,M
375,Levi,12/22/2020,61,M
376,Alejandro,12/27/2020,36,M
377,Darren,12/27/2020,46,M
378,Ruben,12/31/2020,21,M
379,Bryce,12/6/2020,23,M
380,Roger,12/12/2020,64,M
381,Javier,12/18/2020,51,M
382,Arthur,12/3/2020,29,M
383,Edwin,12/16/2020,30,M
384,Sergio,12/7/2020,65,M
385,Billy,12/1/2020,53,M
386,Maurice,12/17/2020,54,M
387,Joe,12/10/2020,18,M
388,Jamie,12/18/2020,55,M
389,Jon,12/9/2020,22,M
390,Devon,12/5/2020,45,M
391,Willie,12/27/2020,44,M
392,Omar,12/11/2020,49,M
393,Terrance,12/22/2020,57,M
394,Gerald,12/15/2020,57,M
395,Dominic,12/7/2020,23,M
396,Clinton,12/14/2020,28,M
397,Max,12/26/2020,29,M
398,Eduardo,12/19/2020,26,M
399,Jay,12/15/2020,28,M
400,Fernando,12/9/2020,62,M
401,Kasey,12/30/2020,45,NL
402,Wendy,12/2/2020,44,NL
403,Virginia,12/23/2020,31,NL
404,Karina,12/8/2020,45,NL
405,Kristy,12/28/2020,26,NL
406,Michele,12/14/2020,44,NL
407,Claudia,12/29/2020,45,NL
408,Cara,12/9/2020,42,NL
409,Janelle,12/5/2020,47,NL
410,Breanna,12/4/2020,23,NL
411,Kristi,12/26/2020,23,NL
412,Nina,12/3/2020,56,NL
413,Kirsten,12/13/2020,63,NL
414,Abby,12/2/2020,50,NL
415,Yesenia,12/16/2020,63,NL
416,Tiara,12/11/2020,27,NL
417,Sharon,12/31/2020,24,NL
418,Roxanne,12/17/2020,33,NL
419,Ellen,12/10/2020,37,NL
420,Janet,12/24/2020,38,NL
421,Caitlyn,12/18/2020,32,NL
422,Ann,12/31/2020,49,NL
423,Lydia,12/31/2020,62,NL
424,Daisy,12/24/2020,40,NL
425,Carmen,12/10/2020,38,NL
426,Preston,12/9/2020,28,NL
427,Reginald,12/12/2020,51,NL
428,Ivan,12/28/2020,19,NL
429,Pedro,12/23/2020,21,NL
430,Bruce,12/29/2020,45,NL
431,Rafael,12/18/2020,63,NL
432,Emmanuel,12/6/2020,21,NL
433,Jaime,12/8/2020,32,NL
434,Terrence,12/16/2020,51,NL
435,Wayne,12/9/2020,36,NL
436,Theodore,12/6/2020,38,NL
437,Raul,12/4/2020,62,NL
438,Geoffrey,12/5/2020,53,NL
439,Xavier,12/2/2020,26,NL
440,Andres,12/28/2020,62,NL
441,Darrell,12/5/2020,65,NL
442,Maxwell,12/24/2020,55,NL
443,Nicolas,12/23/2020,46,NL
444,Frederick,12/23/2020,43,NL
445,Roy,12/13/2020,63,NL
446,Marvin,12/19/2020,54,NL
447,Eddie,12/11/2020,36,NL
448,Jerome,12/21/2020,43,NL
449,Micah,12/8/2020,61,NL
450,Tyrone,12/20/2020,39,NL
451,Sophia,12/25/2020,28,NL
452,Jessie,12/21/2020,35,NL
453,Raquel,12/3/2020,34,NL
454,Stefanie,12/14/2020,24,NL
455,Kate,12/18/2020,41,NL
456,Martha,12/12/2020,48,NL
457,Christy,12/17/2020,52,NL
458,Amelia,12/27/2020,43,NL
459,Kelley,12/31/2020,42,NL
460,Evelyn,12/12/2020,28,F
461,Kellie,12/3/2020,49,F
462,Toni,12/8/2020,38,F
463,Jocelyn,12/3/2020,38,F
464,Shawna,12/29/2020,30,F
465,Elise,12/6/2020,41,F
466,Lori,12/24/2020,41,F
467,Aimee,12/3/2020,49,F
468,Carla,12/7/2020,60,F
469,Latasha,12/22/2020,45,F
470,Hillary,12/2/2020,46,F
471,Trisha,12/9/2020,54,F
472,Regina,12/6/2020,53,F
473,Dawn,12/28/2020,54,F
474,Marisa,12/13/2020,39,F
475,Deborah,12/22/2020,29,F
476,Donna,12/21/2020,23,F
477,Nikki,12/6/2020,28,F
478,Allyson,12/9/2020,31,F
479,Tonya,12/9/2020,50,F
480,Naomi,12/12/2020,32,F
481,Ruth,12/3/2020,32,F
482,Gabriela,12/30/2020,30,F
483,Summer,12/23/2020,32,F
484,Robyn,12/22/2020,43,F
485,Randi,12/2/2020,37,F
486,Rosa,12/25/2020,45,F
487,Hilary,12/3/2020,29,F
488,Jeanette,12/22/2020,62,F
489,Krystle,12/15/2020,49,F
490,Cortney,12/15/2020,36,F
491,Jaime,12/8/2020,24,F
492,Shana,12/17/2020,53,F
493,Bailey,12/14/2020,50,F
494,Destiny,12/24/2020,26,F
495,Shanice,12/6/2020,25,F
496,Gloria,12/26/2020,43,F
497,Christa,12/5/2020,54,F
498,Alexa,12/4/2020,50,F
499,Madeline,12/23/2020,20,F
500,Sydney,12/13/2020,29,F
501,Esther,12/7/2020,50,F
502,Ariel,12/31/2020,41,F
503,Rachelle,12/17/2020,36,F
504,Suzanne,12/17/2020,51,F
505,Maggie,12/18/2020,49,F
506,Cheryl,12/7/2020,33,F
507,Jasmin,12/14/2020,30,F
508,Melody,12/4/2020,42,F
509,Shelby,12/26/2020,51,F
510,Brittani,12/17/2020,62,F
511,Rose,12/10/2020,24,F
512,Karla,12/31/2020,18,F
513,Beth,12/11/2020,39,F
514,Charlotte,12/31/2020,59,F
515,Sheena,12/30/2020,58,F
516,Sylvia,12/14/2020,41,F
517,Jade,12/8/2020,29,F
518,Kylie,12/13/2020,51,F
519,Aubrey,12/3/2020,38,F
520,Carissa,12/6/2020,38,F
521,Joy,12/28/2020,27,F
522,Keri,12/30/2020,45,F
523,Bonnie,12/2/2020,57,F
524,Hope,12/19/2020,47,F
525,Madison,12/4/2020,27,F
526,Alberto,12/6/2020,53,M
527,Jessie,12/15/2020,47,M
528,Marco,12/14/2020,24,M
529,Darryl,12/6/2020,46,M
530,Noah,12/13/2020,22,M
531,Byron,12/2/2020,36,M
532,Cesar,12/6/2020,49,M
533,Kurt,12/13/2020,64,M
534,Dominique,12/22/2020,34,M
535,Mason,12/12/2020,57,M
536,Julio,12/18/2020,58,M
537,Jamal,12/6/2020,24,M
538,Ronnie,12/24/2020,33,M
539,Ernest,12/26/2020,52,M
540,Neil,12/13/2020,40,M
541,Ramon,12/26/2020,53,M
542,Armando,12/6/2020,21,M
543,Isaiah,12/30/2020,63,M
544,Hunter,12/22/2020,59,M
545,Abraham,12/8/2020,55,M
546,Brady,12/11/2020,27,M
547,Francis,12/29/2020,40,M
548,Darius,12/2/2020,64,M
549,Steve,12/31/2020,23,M
550,Tommy,12/24/2020,37,M
551,Tyson,12/16/2020,54,M
552,Erick,12/14/2020,38,M
553,Trent,12/19/2020,58,M
554,Glenn,12/24/2020,50,M
555,Colby,12/12/2020,32,M
556,Terrell,12/19/2020,49,M
557,Eugene,12/18/2020,64,M
558,Leonard,12/27/2020,21,M
559,Tanner,12/29/2020,33,M
560,Cole,12/29/2020,33,M
561,Branden,12/9/2020,62,M
562,Ethan,12/24/2020,30,M
563,Melvin,12/30/2020,30,M
564,Johnathon,12/20/2020,47,M
565,Miles,12/27/2020,31,M
566,Elijah,12/4/2020,28,M
567,Dale,12/19/2020,23,M
568,Colton,12/19/2020,52,M
569,Orlando,12/15/2020,29,M
570,Zachery,12/21/2020,61,M
571,Dean,12/2/2020,57,M
572,Collin,12/16/2020,28,M
573,Karl,12/17/2020,64,M
574,Courtney,12/4/2020,24,M
575,Marshall,12/21/2020,23,M
576,Gerardo,12/10/2020,38,M
577,Brad,12/20/2020,24,M
578,Jarrod,12/29/2020,25,M
579,Andy,12/18/2020,20,M
580,Franklin,12/21/2020,52,M
581,Morgan,12/22/2020,24,M
582,Stanley,12/19/2020,22,M
583,Dwayne,12/8/2020,42,M
584,Trenton,12/8/2020,65,M
585,Nickolas,12/23/2020,30,M
586,Arturo,12/23/2020,42,M
587,Alfredo,12/24/2020,43,M
588,Tristan,12/14/2020,45,M
589,Kirk,12/8/2020,41,M
590,Harold,12/27/2020,44,M
591,Kelvin,12/28/2020,18,M
592,Demetrius,12/27/2020,50,M
593,Dillon,12/8/2020,22,M
594,Connor,12/23/2020,44,M
595,Jermaine,12/12/2020,51,M
596,Wade,12/14/2020,44,M
597,Quentin,12/17/2020,21,M
598,Clifford,12/29/2020,44,M
599,Dane,12/14/2020,34,M
600,Ernesto,12/25/2020,53,M
601,Mindy,12/20/2020,44,F
602,Alice,12/31/2020,49,F
603,Diane,12/18/2020,52,F
604,Paula,12/6/2020,35,F
605,Angelina,12/20/2020,18,F
606,Chelsie,12/13/2020,19,F
607,Frances,12/25/2020,19,F
608,Camille,12/21/2020,18,F
609,Hayley,12/3/2020,37,F
610,Yolanda,12/26/2020,25,F
611,Simone,12/8/2020,26,F
612,Mandy,12/26/2020,25,F
613,Kaylee,12/26/2020,61,F
614,Elyse,12/23/2020,44,F
615,Yvette,12/7/2020,54,F
616,Sonia,12/11/2020,29,F
617,Anastasia,12/31/2020,37,F
618,Alissa,12/14/2020,58,F
619,Brianne,12/18/2020,25,F
620,Clarissa,12/13/2020,21,F
621,Helen,12/18/2020,28,F
622,Mackenzie,12/30/2020,49,F
623,Staci,12/27/2020,32,F
624,Shaina,12/30/2020,34,F
625,Tatiana,12/31/2020,27,F
626,Christie,12/19/2020,26,F
627,Katharine,12/20/2020,44,F
628,Eva,12/18/2020,52,F
629,Lacy,12/29/2020,41,F
630,Antoinette,12/25/2020,19,F
631,Kristie,12/24/2020,33,F
632,Johanna,12/14/2020,29,F
633,Carol,12/16/2020,43,F
634,Nadia,12/23/2020,61,F
635,Miriam,12/12/2020,57,F
636,Kerri,12/28/2020,65,F
637,Rochelle,12/1/2020,59,F
638,Cecilia,12/3/2020,48,F
639,Cierra,12/1/2020,30,F
640,Annie,12/8/2020,43,F
641,Jane,12/10/2020,40,F
642,Stacie,12/15/2020,50,F
643,Tammy,12/21/2020,26,F
644,Jaleesa,12/6/2020,37,F
645,Anita,12/20/2020,58,F
646,Leigh,12/5/2020,29,F
647,Elisabeth,12/7/2020,30,F
648,Jodi,12/24/2020,25,F
649,Sheila,12/6/2020,58,F
650,Charlene,12/30/2020,38,F
651,Chasity,12/23/2020,47,F
652,Elaine,12/9/2020,59,F
653,Tracey,12/22/2020,21,F
654,Ciara,12/18/2020,62,F
655,Alejandra,12/13/2020,47,F
656,Ericka,12/19/2020,55,F
657,Tabatha,12/22/2020,26,F
658,Shauna,12/1/2020,64,F
659,Leticia,12/29/2020,56,F
660,Tierra,12/8/2020,32,F
661,Shayla,12/11/2020,31,F
662,Tia,12/13/2020,44,F
663,Hailey,12/6/2020,50,F
664,Shanna,12/13/2020,37,F
665,Yvonne,12/19/2020,60,F
666,Taryn,12/21/2020,36,F
667,Lyndsey,12/20/2020,44,F
668,Arielle,12/22/2020,65,F
669,Traci,12/21/2020,56,F
670,Alana,12/13/2020,58,F
671,Keisha,12/13/2020,33,F
672,Charity,12/6/2020,54,F
673,Lillian,12/29/2020,57,F
674,Alyson,12/20/2020,63,F
675,Meaghan,12/27/2020,40,F
676,Irene,12/15/2020,64,F
677,Ariana,12/17/2020,57,F
678,Michaela,12/9/2020,40,F
679,Sonya,12/24/2020,24,F
680,Janice,12/5/2020,23,F
681,Ashton,12/11/2020,65,F
682,Guadalupe,12/24/2020,47,F
683,Faith,12/6/2020,51,F
684,Shayna,12/1/2020,46,F
685,Julianne,12/19/2020,62,F
686,Ruby,12/17/2020,39,F
687,Mia,12/29/2020,64,F
688,Tanisha,12/12/2020,50,F
689,Debra,12/16/2020,44,F
690,Sade,12/12/2020,50,F
691,Kassandra,12/4/2020,57,F
692,Ryan,12/2/2020,41,F
693,Christian,12/17/2020,59,F
694,Elena,12/2/2020,19,F
695,Dorothy,12/3/2020,28,F
696,Mercedes,12/2/2020,36,F
697,Nora,12/21/2020,50,F
698,Tricia,12/16/2020,63,F
699,Elisa,12/5/2020,24,F
700,Latisha,12/6/2020,63,F
701,Jaimie,12/18/2020,54,F
702,Francesca,12/26/2020,58,F
703,Kerry,12/5/2020,32,F
704,Chantel,12/30/2020,64,F
705,Maureen,12/28/2020,39,F
706,Bridgette,12/7/2020,61,F
707,Katy,12/20/2020,39,F
708,Tessa,12/15/2020,63,F
709,Noelle,12/8/2020,38,F
710,Annette,12/31/2020,53,F
711,Kendall,12/13/2020,25,F
712,Ashlie,12/25/2020,63,F
713,Kayleigh,12/28/2020,65,F
714,Sandy,12/11/2020,44,F
715,Asia,12/14/2020,42,F
716,Karissa,12/2/2020,27,F
717,Kira,12/10/2020,45,F
718,Lara,12/14/2020,62,F
719,Callie,12/1/2020,36,F
720,Isabel,12/18/2020,28,F
721,Jazmin,12/15/2020,61,F
722,Larissa,12/6/2020,45,F
723,Blair,12/6/2020,24,F
724,Kyla,12/28/2020,63,F
725,Sherry,12/13/2020,48,F
726,Marilyn,12/29/2020,57,F
727,Chanel,12/6/2020,35,F
728,Sally,12/9/2020,63,F
729,Shelly,12/9/2020,55,F
730,Daniela,12/23/2020,42,F
731,Jackie,12/20/2020,37,F
732,Brenna,12/24/2020,24,F
733,Precious,12/18/2020,63,F
734,Carolina,12/11/2020,48,F
735,Kathy,12/18/2020,65,F
736,Leanne,12/4/2020,22,F
737,Jalisa,12/24/2020,45,F
738,Lorena,12/6/2020,22,F
739,Judith,12/22/2020,28,F
740,Tiffani,12/26/2020,24,F
741,Eileen,12/25/2020,48,F
742,Brittni,12/4/2020,21,F
743,Lucy,12/26/2020,51,F
744,Alma,12/20/2020,49,F
745,Constance,12/8/2020,61,F
746,Whitley,12/22/2020,22,F
747,Katlyn,12/19/2020,24,F
748,Belinda,12/29/2020,44,F
749,Jana,12/27/2020,47,F
750,Leanna,12/31/2020,59,F
751,Josephine,12/26/2020,27,F
752,Jena,12/25/2020,30,F
753,India,12/15/2020,33,F
754,Juanita,12/20/2020,62,F
755,Laurel,12/21/2020,62,F
756,Tamika,12/18/2020,42,F
757,Devin,12/16/2020,59,F
758,Marlene,12/15/2020,24,F
759,Ashely,12/17/2020,51,F
760,Alisa,12/8/2020,27,F
761,Ciera,12/15/2020,21,F
762,Alysha,12/18/2020,47,F
763,Iris,12/28/2020,52,F
764,Jami,12/24/2020,41,F
765,Rita,12/17/2020,40,F
766,Natalia,12/5/2020,47,F
767,Marisol,12/28/2020,54,F
768,Connie,12/13/2020,23,F
769,Jacklyn,12/29/2020,27,F
770,Maribel,12/25/2020,27,F
771,Darlene,12/19/2020,22,F
772,Michael,12/21/2020,48,F
773,Patrice,12/27/2020,28,F
774,Terri,12/9/2020,38,F
775,Alaina,12/5/2020,26,F
776,Lesley,12/9/2020,32,F
777,Casandra,12/11/2020,60,F
778,Laurie,12/12/2020,24,F
779,Joyce,12/18/2020,43,F
780,Chloe,12/6/2020,27,F
781,Esmeralda,12/30/2020,58,F
782,Blanca,12/7/2020,45,F
783,Jennie,12/9/2020,34,F
784,Lynn,12/30/2020,38,F
785,Jazmine,12/13/2020,50,F
786,Ashly,12/18/2020,30,F
787,Lakeisha,12/21/2020,34,F
788,Rhonda,12/16/2020,39,F
789,Kala,12/24/2020,28,F
790,Tori,12/12/2020,56,F
791,Beverly,12/15/2020,28,F
792,Shirley,12/13/2020,39,F
793,Brandie,12/2/2020,39,F
794,Celeste,12/7/2020,43,F
795,Stephany,12/10/2020,33,F
796,Gabriella,12/22/2020,49,F
797,Nikita,12/29/2020,37,F
798,Juliana,12/9/2020,21,F
799,Genevieve,12/4/2020,31,F
800,Norma,12/10/2020,37,F
801,Nelson,12/28/2020,65,M
802,Rene,12/5/2020,59,M
803,Enrique,12/2/2020,35,M
804,Lorenzo,12/4/2020,57,M
805,Ray,12/15/2020,18,M
806,Antoine,12/29/2020,33,M
807,Malcolm,12/18/2020,39,M
808,Kelly,12/19/2020,37,M
809,Barry,12/27/2020,55,M
810,Marcos,12/15/2020,46,M
811,Landon,12/14/2020,54,M
812,Alfred,12/10/2020,49,M
813,Gilbert,12/28/2020,45,M
814,Harrison,12/18/2020,18,M
815,Deandre,12/24/2020,22,M
816,Desmond,12/1/2020,53,M
817,Alvin,12/28/2020,61,M
818,Brock,12/5/2020,22,M
819,Stuart,12/27/2020,38,M
820,Leon,12/22/2020,47,M
821,Donovan,12/16/2020,26,M
822,Harry,12/9/2020,52,M
823,Lamar,12/1/2020,64,M
824,Kendall,12/4/2020,28,M
825,Salvador,12/10/2020,54,M
826,Marquis,12/2/2020,23,M
827,Damien,12/31/2020,31,M
828,Israel,12/19/2020,24,M
829,Darnell,12/2/2020,45,M
830,Clarence,12/15/2020,22,M
831,Warren,12/31/2020,47,M
832,Daryl,12/27/2020,20,M
833,Angelo,12/25/2020,19,M
834,Dexter,12/31/2020,56,M
835,Kendrick,12/1/2020,33,M
836,Cedric,12/1/2020,48,M
837,Zachariah,12/7/2020,58,M
838,Earl,12/3/2020,61,M
839,Ralph,12/11/2020,48,M
840,Chance,12/16/2020,46,M
841,Damian,12/11/2020,49,M
842,Josue,12/25/2020,61,M
843,Joey,12/6/2020,42,M
844,Howard,12/7/2020,59,M
845,Bernard,12/28/2020,22,M
846,Stefan,12/20/2020,61,M
847,Jarvis,12/9/2020,43,M
848,Terence,12/19/2020,57,M
849,Diego,12/5/2020,55,M
850,Beau,12/20/2020,45,M
851,Dallas,12/31/2020,21,M
852,Allan,12/6/2020,61,M
853,Kurtis,12/20/2020,39,M
854,Zackary,12/14/2020,44,M
855,Simon,12/23/2020,40,M
856,Damon,12/8/2020,46,M
857,Rudy,12/5/2020,55,M
858,Lewis,12/4/2020,18,M
859,Felix,12/28/2020,23,M
860,Roderick,12/21/2020,31,M
861,Kory,12/31/2020,38,M
862,Kody,12/6/2020,19,M
863,Dakota,12/25/2020,40,M
864,Heath,12/21/2020,27,M
865,Jarred,12/19/2020,50,M
866,Emanuel,12/9/2020,47,M
867,Rashad,12/6/2020,40,M
868,Skyler,12/6/2020,21,M
869,Elias,12/15/2020,45,M
870,Josiah,12/26/2020,32,M
871,Gavin,12/8/2020,30,M
872,Eli,12/22/2020,41,M
873,Fabian,12/23/2020,20,M
874,Jarrett,12/14/2020,45,M
875,Jamar,12/16/2020,20,M
876,Stephan,12/15/2020,65,M
877,Elliott,12/8/2020,53,M
878,Riley,12/20/2020,49,M
879,Chaz,12/26/2020,31,M
880,Gustavo,12/7/2020,46,M
881,Quinton,12/7/2020,34,M
882,Clifton,12/3/2020,39,M
883,Tyrell,12/31/2020,58,M
884,Abel,12/28/2020,43,M
885,Derick,12/2/2020,26,M
886,Shannon,12/26/2020,58,M
887,Guillermo,12/18/2020,55,M
888,Dante,12/14/2020,50,M
889,Nolan,12/31/2020,19,M
890,Roman,12/10/2020,57,M
891,Kenny,12/22/2020,58,M
892,Glen,12/11/2020,33,M
893,Trey,12/24/2020,26,M
894,Blaine,12/25/2020,21,M
895,Brenton,12/11/2020,42,M
896,Julius,12/18/2020,58,M
897,Alfonso,12/31/2020,25,M
898,Charlie,12/7/2020,23,M
899,Elliot,12/30/2020,20,M
900,Pablo,12/22/2020,61,M
901,Giovanni,12/26/2020,37,M
902,Chris,12/18/2020,56,M
903,Norman,12/14/2020,28,M
904,Leroy,12/24/2020,54,M
905,Clint,12/7/2020,59,M
906,Graham,12/1/2020,61,M
907,Clay,12/27/2020,41,M
908,Noel,12/12/2020,43,M
909,Marlon,12/10/2020,57,M
910,Bret,12/18/2020,21,M
911,Dwight,12/9/2020,44,M
912,Dominick,12/2/2020,45,M
913,Sam,12/16/2020,20,M
914,Pierre,12/23/2020,50,M
915,Ismael,12/8/2020,21,M
916,Donte,12/29/2020,63,M
917,Owen,12/29/2020,46,M
918,Vernon,12/27/2020,39,M
919,Gordon,12/18/2020,63,M
920,Alonzo,12/10/2020,63,M
921,Brennan,12/17/2020,20,M
922,Kent,12/15/2020,61,M
923,Neal,12/27/2020,63,M
924,Perry,12/27/2020,32,M
925,Don,12/6/2020,65,M
926,Gilberto,12/31/2020,45,M
927,Leo,12/11/2020,47,M
928,Oliver,12/21/2020,56,M
929,Rodolfo,12/7/2020,28,M
930,Weston,12/31/2020,45,M
931,Demarcus,12/28/2020,54,M
932,Saul,12/13/2020,26,M
933,Roland,12/15/2020,56,M
934,Rolando,12/27/2020,27,M
935,Felipe,12/10/2020,25,M
936,Ben,12/23/2020,37,M
937,Rickey,12/20/2020,61,M
938,Alec,12/7/2020,64,M
939,Hugo,12/31/2020,20,M
940,Kerry,12/22/2020,44,M
941,Parker,12/1/2020,52,M
942,Alexis,12/18/2020,19,M
943,Lonnie,12/31/2020,65,M
944,Sterling,12/12/2020,32,M
945,Conor,12/3/2020,42,M
946,Kaleb,12/3/2020,40,M
947,Rory,12/26/2020,55,M
948,Darrin,12/6/2020,59,M
949,Forrest,12/18/2020,63,M
950,Herbert,12/9/2020,19,M
951,Jayson,12/25/2020,44,M
952,Jaron,12/6/2020,52,M
953,Esteban,12/5/2020,56,M
954,Kasey,12/1/2020,20,M
955,Sebastian,12/31/2020,55,M
956,Korey,12/29/2020,38,M
957,Fred,12/20/2020,35,M
958,Brice,12/7/2020,47,M
959,Duane,12/22/2020,18,M
960,Jackson,12/24/2020,46,M
961,Lloyd,12/11/2020,39,M
962,Sheldon,12/15/2020,30,M
963,Myles,12/22/2020,46,M
964,Rick,12/20/2020,38,M
965,Dana,12/23/2020,42,M
966,Rogelio,12/20/2020,34,M
967,Carlton,12/26/2020,27,M
968,Mike,12/25/2020,20,M
969,Zackery,12/13/2020,34,M
970,Brendon,12/22/2020,22,M
971,Wyatt,12/8/2020,22,M
972,Zane,12/28/2020,26,M
973,Corbin,12/30/2020,33,M
974,Cornelius,12/7/2020,56,M
975,Frankie,12/24/2020,22,M
976,Salvatore,12/9/2020,54,M
977,Fredrick,12/11/2020,23,M
978,Deangelo,12/2/2020,29,M
979,Bradford,12/29/2020,62,M
980,Jordon,12/28/2020,18,M
981,Darin,12/7/2020,46,M
982,Coty,12/14/2020,46,M
983,Milton,12/21/2020,37,M
984,Avery,12/6/2020,51,M
985,Jamel,12/27/2020,49,M
986,Dusty,12/12/2020,59,M
987,Leonardo,12/6/2020,35,M
988,Antwan,12/4/2020,51,M
989,Nathanael,12/29/2020,27,M
990,Wilson,12/6/2020,27,M
991,Tomas,12/3/2020,54,M
992,Emilio,12/1/2020,55,M
993,Ariel,12/30/2020,24,M
994,Rusty,12/23/2020,41,M
995,Sidney,12/28/2020,51,M
996,Ramiro,12/26/2020,50,M
997,Ty,12/3/2020,60,M
998,Moises,12/2/2020,41,M
999,Chadwick,12/22/2020,43,M
1000,Reid,12/16/2020,41,M
